0	0	a	humans climate change make wildfires even more deadly nails this piece just like every other climate change piece they take madrespect https GhzNePkq
1	0	a	After months Deal Mexico Deal Iran Deal Canada Deal Deal Trade Deal Healthcare
2	0	a	Turnbull leadership sham seeks evade GBRF scandal climate change with dodgy https Xbmvu
3	0	a	After months Deal Mexico Deal Iran Deal Canada Deal Deal Trade Deal Healthcare
4	0	a	last thing these endangered orcas need tarsands tanker superhighway running through their home
5	1	a	assuming thinks dead time planet uninhabitable there evidence cares about anyone other than himself must really hate daughters though auspol ClimateChange
6	0	a	Soil organic carbon crucial food production contribute climatechange mitigation Check
7	1	a	Jakarta fastest sinking city world groundwater climatechange watersupply https HiJW https SDcZe
8	1	a	forecast cool literally feel climate change Asia record breaking temperatures have claimed thousands lives https KZGGVk
9	0	a	Great India Trains Railway Stations Going Solar Cleaner Less Pollution Fighting Climate Change https
10	0	a	Many left claim climatechange responsible CAwildfires experts misguided environmentalist
11	0	a	ClimateChange Investment supercycle with supercharged market dynamics TheSwitch Renewables Infrastructure
12	1	a	from Interface talking about Climate Take Back changed climate mistake should able change intent
13	0	a	believe science That stark contrast from current Governor says scientist
14	0	a	scene Jurassic Park when Newman loses glasses then says afford more glasses immediately before
15	0	a	Facing billion fire damages blames climate change https XoFatCUWX
16	0	a	Alaska NorthSlope strongest quake noted region https jhzltFK want know earth tired ShellOil drilling coast MotherNature FightingBack Extremely extremely COLD snow Earthquakes ClimateChange
17	0	a	Halfway boiling city GlobalWarming climatechange heatwave https zegBYkY
18	0	a	scene Jurassic Park when Newman loses glasses then says afford more glasses immediately before
19	0	a	opening article This further reinforces need switch more enviroment friendly lifestyle thank sharing this https kZHZCOKCsR
20	0	a	climatechange spaceweather https tQgPeys
21	1	a	global warming just climate change
22	0	a	climatechange world know Life Links https waWFaLoVqY
23	0	a	Last month scaled Kilimanjaro mark Mandela centenary another mountain climb This
24	0	a	year Bangladesh population impoverished this around With climate change alre
25	0	a	there definition insanity Australia policies climate change being disrupted decade wilfully
26	0	a	Afforestation riparian lands will only help mitigate climate change will revitalize rivers boost farmers inco
27	0	a	After months Deal Mexico Deal Iran Deal Canada Deal Deal Trade Deal Healthcare
28	0	a	first generation feel impact climate change last generation that something about
29	0	a	Shell years climate change denial https KCjbLOd planet cannot afford have Shell still
30	0	a	Floods heavy rainfall erosion soil which does have proper green cover Just trees bring rainfal
31	1	a	Provincial Disaster Management Authority Balochistan signed Memorandum Understanding concrete policy frameworks address impacts climate change Balochistan drought https CTABYmqTH
32	0	a	Climate change shows Australian politics worst Opportunists idiots morons acting faith price gougi
33	0	a	most certain aspects climate change that will surely hotter many places worse
34	0	a	Hands Along Water event takes toxic green slime killing fish photo Jennifer Lett PHOTOS
35	1	a	Shaping Fourth Hottest Year Still Prepared Global Warming https
36	0	a	Climate change shows Australian politics worst Opportunists idiots morons acting faith price gougi
37	0	a	resel zaten https BweZASF
38	0	a	Halfway boiling city https jccTA tDCS climatechange
39	0	a	Facing billion fire damages blames climate change https XoFatCUWX
40	0	a	really power Does Abbott understand store renewable energy these days doesn Silly
41	0	a	Gotta love facts https AZuo
42	0	a	year Bangladesh population impoverished this around With climate change alre
43	0	a	does skepticism about immigration walk hand hand with skepticism about science climate change know
44	0	a	scene Jurassic Park when Newman loses glasses then says afford more glasses immediately before
45	0	a	Taking data face value question remains what relationship between land area burnt effects climate change Could example that land area decreased despite global warming Would real cost containing fires perhaps tell same story
46	0	a	Farmers please complete Ffermwyr cwblhewch aildrydarwch ogydda https oRhVdhprtA
47	0	a	scene Jurassic Park when Newman loses glasses then says afford more glasses immediately before
48	0	a	What about totally crazy things people believe Earth flat Climate change myth Donald Trump good president Brexit good idea
49	0	a	simply impossible affluent society avoid crippling congestion without congestion charge econ
50	0	a	really Indian loves their motherland India bored angry this govt function
51	0	a	inspire people climate change tankers Starlings https hwXlws
52	0	a	question Coalition whether stare down people inside ranks believe there
53	0	a	Understand what ClimateChange nature manmade changes occur Water https GycD
54	1	a	Jeremy Cordeaux until Midnight Tonight shop Kmart concerned about climate change doesn think bookoftheweek work Adelaide radio
55	0	a	Afforestation riparian lands will only help mitigate climate change will revitalize rivers boost farmers inco
56	0	a	Halfway boiling city climatechange https shXnHCdOOi
57	0	a	Interesting read decade that almost stopped climate change https GVQRwanA
58	0	a	Many left claim climatechange responsible CAwildfires experts misguided environmentalist
59	0	a	Zille correct what said here https
60	0	a	scene Jurassic Park when Newman loses glasses then says afford more glasses immediately before
61	0	a	After months Deal Mexico Deal Iran Deal Canada Deal Deal Trade Deal Healthcare
62	0	a	Climate change Temperatures Arctic Circle were hotter than they were Southern Spain That good ActOnCl
63	0	a	Afforestation riparian lands will only help mitigate climate change will revitalize rivers boost farmers inco
64	0	a	Soil organic carbon crucial food production contribute climatechange mitigation Check
65	0	a	Latest article from Vanguard Federal Government fraud funding GreatBarrierReef Foundation climatechange capitalism https AHnpDaJp https ooud
66	0	a	scene Jurassic Park when Newman loses glasses then says afford more glasses immediately before
67	0	a	does skepticism about immigration walk hand hand with skepticism about science climate change know
68	0	a	scene Jurassic Park when Newman loses glasses then says afford more glasses immediately before
69	0	a	November call creative citizens practical solutions fight against climatechange join
70	0	a	SOCIALIST POISON EXPOSE THIS REPTILIAN FABIAN SOCIALIST IMMEDIATELY FACE ELECTORAL OBLIVION HAVE DESTRUCTION NATION YOUR SHOULDERS watching something https VlnBKLyV
71	0	a	Climate change wildfires know there link https SqyvW
72	0	a	first generation feel impact climate change last generation that something about
73	0	a	This sobering read well worth remembering next time just adapt climate change crowd their
74	0	a	though Barnaby thinks that Climate Change some sort abstract concept that doesn matter auspol https
75	0	a	miss launch Impacts climatechange fisheries aquaculture publication during COFI week
76	0	a	This article about suitability Yasso model soil carbon inventory Germany available FREE
77	0	a	Facing billion fire damages blames climate change https XoFatCUWX
78	0	a	BOLT have message Liberal finally guts make stand against your Prime Minist
79	0	a	David Attenborough attended lecture Belgium that finally convinced time speak
80	0	a	Adani visiting schools Materials include fact sheet mining environment that fails mention clima
81	0	a	dangerously unprepared heat crisis from climate change https RHjiP
82	0	a	Happy International YouthDay tackle ClimateChange many things urgently need plant more trees
83	0	a	Afforestation riparian lands will only help mitigate climate change will revitalize rivers boost farmers inco
84	0	a	Best read about things Planet Earth https QtwnNtI
85	0	a	Read network today depth plans adapt climate change https zAYumC https hJDaHSLtdw
86	0	a	Afforestation riparian lands will only help mitigate climate change will revitalize rivers boost farmers inco
87	0	a	Provincial Disaster Management Authority Balochistan signed Memorandum Understanding concrete
88	0	a	After Libs Blame West Coast Fires Global Warming Forester Speaks https DOUrcTzi
89	0	a	Afforestation riparian lands will only help mitigate climate change will revitalize rivers boost farmers inco
90	1	a	Libs rotten core climate change denying rorting lying Libs last when vote
91	0	a	latest Green Daily https Thanks environment climatechange
92	0	a	ClimateChange ReefGate auspol qldpol Drought Heatwave Wild
93	1	a	Looking forward back talk cities climate change From Paris Pittsburgh Back Changing Role Cities Global Climate Change Regime this Thursday https xLEMmvL
94	0	a	Provincial Disaster Management Authority Balochistan signed Memorandum Understanding concrete
95	0	a	After Libs Blame West Coast Fires Global Warming Forester Speaks https DOUrcTzi
96	0	a	Cities states NGOs citizens stepping ActOnClimate proposal weaken cleanercar standards provides another
97	0	a	After months Deal Mexico Deal Iran Deal Canada Deal Deal Trade Deal Healthcare
98	0	a	just mentioned need fossil fuel subsidies interview https vaEDeWJsDx
99	0	a	After months Deal Mexico Deal Iran Deal Canada Deal Deal Trade Deal Healthcare
100	0	a	scene Jurassic Park when Newman loses glasses then says afford more glasses immediately before
101	1	a	Shaping Fourth Hottest Year Still Prepared Global Warming https YhcSCu
102	0	a	Scary Time plant billions trees https NkRFqu climatechange
103	0	a	horrifying that have fight government save environment climate leaders
104	0	a	What happening Arctic will reverberate around globe Arctic warming already influencing weather patte
105	1	a	court agreed hear case brought families across Europe against bloc alleged failure adopt effective laws tackle climate change https pQEcv Wjei
106	0	a	Since world knows about climatechange generation still make difference reducing emissions
107	1	a	Harvey Norman reckons climate change bunkum because mates coal companies need people polluting stuff
108	0	a	final reminder designing congestion pricing system reduce overall traffic volume practicing
109	1	a	sammandragning klimatf ndringsf rnekare direkt vers ttning engelskans climate change denier sotare inte sotar skorstenen utan fejar
110	0	a	Retweeted Glen Peters always good reminder global average temperature changed over last years https CYoJ xkrCS https SoDli
111	0	a	been thinking about guilt that feel individuals about climate change essentially protect
112	0	a	case haven read perhaps most important piece reporting read year https zoXx
113	1	a	think hating Avenatti Find much deserved respect litigator spokesman that doesn make good president What know about What stands climate change foriegn policy other issues experienced heroic
114	0	a	Afforestation riparian lands will only help mitigate climate change will revitalize rivers boost farmers inco
115	0	a	Jeremy Cordeaux until Midnight Tonight shop Kmart concerned about climate change
116	0	a	After months Deal Mexico Deal Iran Deal Canada Deal Deal Trade Deal Healthcare
117	1	a	Weather presenters barricades changing climate shut their mouth anymore https vyOJID
118	0	a	planted native trees this monsoon More pics here https ACHFBTGhc WeMeanToClean Clean
119	0	a	After months Deal Mexico Deal Iran Deal Canada Deal Deal Trade Deal Healthcare
120	0	a	will recorded time that happening during this profoundly corrupt traitorous Administration under YOUR TOTAL LACK LEADERSHIP https EYBMRBT
121	0	a	Almost half world population will exposed potentially deadly heat days year expl
122	0	a	Afforestation riparian lands will only help mitigate climate change will revitalize rivers boost farmers inco
123	0	a	supplies climate change deniers balance Rupert Read https tOaZv
124	0	a	does skepticism about immigration walk hand hand with skepticism about science climate change know
125	0	a	does climate change require brave change leadership leaders take action https xlXH climate
126	1	a	Scientist calls media misinformation wildfires global warming https wvaLlY
127	0	a	After months Deal Mexico Deal Iran Deal Canada Deal Deal Trade Deal Healthcare
128	1	a	outsiders Turnbull Jetlag Jules little Liberals Fabian Socialists enacting Global Socialist Soros levelling socioeconomic demographics CLIMATE CHANGE NOTHING WITH SAVING PLANET about destroying western economies https bKxirup
129	1	a	Blaming climate change only done unbundled utilities grid operators owned utilities having coal fired power plants Works California Germany
130	0	a	well they deal with quite well Like they numbers facts such crazy stuff https DuBGmHCnG climatechange https IBchM
131	0	a	Things Trump think worth spending taxpayer Space Force border wall Trump military parade Thin
132	0	a	scene Jurassic Park when Newman loses glasses then says afford more glasses immediately before
133	1	a	climatechange bible prophecy https
134	0	a	Today unveils long term climate change policy which sets target Scotland achieve zero
135	0	a	Another disturbing article about climate changing been quite this summer Nice your perfect
136	0	a	yeah someone tell global warming thing slap bitch
137	0	a	Unplanned construction sake development leading cause unsustainable cities pollution
138	1	a	Wildfires heatwaves appear reshaping many around world view issue climate change whether their governments doing enough build resilience against https dgrmK
139	0	a	does skepticism about immigration walk hand hand with skepticism about science climate change know
140	0	a	inspire people climate change tankers Starlings https hwXlws
141	0	a	YouthClimateLeaders working brainstorm project regarding Sustainable
142	0	a	first term want solve global warming wars give house everyone give everyone England
143	0	a	Humans almost saved planet from climate change years This story failed tragedy acts
144	0	a	last time asked this responded with https mARfQsjrzT refused open link because prejudice that would lies propaganda
145	0	a	year Bangladesh population impoverished this around With climate change alre
146	0	a	Policies that choke fossil fuels their origin shutting down mines wells banning ones opting against
147	0	a	scene Jurassic Park when Newman loses glasses then says afford more glasses immediately before
148	0	a	caps melting global warming increasing pollution rising species dying only have Earth
149	0	a	They over cliff already over contest https QEhr wOwG
150	1	a	those drink coffee https CtiLHJT
151	1	a	only there catchy name this keepitintheground https ggjGIUX
152	0	a	appeal youngsters Innovate India Innovate humanity From mitigating climate change ensuring better
153	1	a	global warming computer that predicted frozen hulks
154	1	a	These cities successfully leveraging transportation data take action climate change become more socially inclusive Share your thoughts with using https eYfErbWvlS
155	0	a	defies form rational responsible decision making that country continue embrace massive projects that will
156	0	a	fascinating intersection between resilience urbanplanning development basic services climatechange SendaiFramewor
